"id","dist_pot","age_pot","incl_pot","final_pot","distance","distance_0","distance_1","distance_2","distance_3","distance_4","route","answers__id","answers__dist","answers__incl","answers__final","answers__coment","regiao"
" 76232 "," 0.304 "," 0.126 "," 0.076 "," 0.168 "," 3124 "," 1480 "," 820 "," 440 "," 260 "," 130 ","null"," 76232 ","5","3","4","","leste1"
"","","","","","","","","","","",""," 76232 ","3","4","5","",""
"","","","","","","","","","","",""," 76232 ","5","3","3","",""
"","","","","","","","","","","",""," 76232 ","5","3","5","Descer aí é muito bom",""
"","","","","","","","","","","",""," 76232 ","3","4","4","",""
"","","","","","","","","","","",""," 76232 ","5","3","5","",""
"","","","","","","","","","","",""," 76232 ","3","1","2","",""
"","","","","","","","","","","",""," 76232 ","5","3","4","É um trajeto legível cujo sistema viário permite várias conexões. ",""
"","","","","","","","","","","",""," 76232 ","5","3","5","",""
" 76812 "," 0.881 "," 0.242 "," 0.271 "," 0.465 "," 1372 "," 420 "," 290 "," 400 "," 140 "," 130 ","null"," 76812 ","5","2","4","","leste1"
"","","","","","","","","","","",""," 76812 ","4","3","3","",""
"","","","","","","","","","","",""," 76812 ","3","3","3","",""
"","","","","","","","","","","",""," 76812 ","5","3","5","",""
"","","","","","","","","","","",""," 76812 ","3","3","4","",""
"","","","","","","","","","","",""," 76812 ","5","3","5","",""
"","","","","","","","","","","",""," 76812 ","3","2","1","Não tem muitos pontos de interesse nessa rota",""
"","","","","","","","","","","",""," 76812 ","5","3","5","Apesar da topografia (nesse caso, não há alternativas viáveis para evitar as grandes subidas), promove conexão entre importantes vias e equipamentos. ",""
"","","","","","","","","","","",""," 76812 ","5","2","3","",""
" 17402 "," 0.424 "," 0.721 "," 0.437 "," 0.527 "," 2529 "," 1130 "," 670 "," 640 "," 70 "," 20 ","null"," 17402 ","2","4","5","Para chegar ao destino final, eu não pegaria a Paes de Barros, porque a velocidade dos carros é muito alta na avenida e há outra rota mais curta e rápida. Eu cruzaria a avenida pela Visconde de Inhomerim e seguiria até a rua do Oratório, acessando a partir daí a Rua Cuiabá e indo até o destino final.","leste1"
"","","","","","","","","","","",""," 17402 ","3","3","4","",""
"","","","","","","","","","","",""," 17402 ","3","3","3","",""
"","","","","","","","","","","",""," 17402 ","5","4","5","",""
"","","","","","","","","","","",""," 17402 ","3","3","4","",""
"","","","","","","","","","","",""," 17402 ","5","3","5","",""
"","","","","","","","","","","",""," 17402 ","4","2","2","Maior parte da rota tem corredor de ônibus, subida forte",""
"","","","","","","","","","","",""," 17402 ","5","4","5","O trajeto é legível e abrange deslocamentos maiores.",""
"","","","","","","","","","","",""," 17402 ","5","2","3","",""
" 75953 "," 0.2 "," 0.822 "," 0.809 "," 0.61 "," 6311 "," 3820 "," 1600 "," 900 "," 0 "," 0 ","null"," 75953 ","4","3","5","Nesse trajeto específico, há ciclovia (em parte dele), mas ela não faz a travessia da Radial Leste sobre a Av. Sahlim Farah Maluf. A possibilidade de ciclovia por essa travessia seria o mais fundamental para a minha escolha por essa rota.","leste1"
"","","","","","","","","","","",""," 75953 ","4","5","5","",""
"","","","","","","","","","","",""," 75953 ","3","3","3","",""
"","","","","","","","","","","",""," 75953 ","5","5","5","",""
"","","","","","","","","","","",""," 75953 ","3","3","4","",""
"","","","","","","","","","","",""," 75953 ","5","5","5","",""
"","","","","","","","","","","",""," 75953 ","4","5","4","",""
"","","","","","","","","","","",""," 75953 ","5","5","5","Dentre todas as rotas, essa provavelmente é a que melhor atende, pois serve importantes vias e conecta importantes equipamentos de transporte, lazer e cultura, além dos comércios e serviços ao longo do caminho.",""
"","","","","","","","","","","",""," 75953 ","5","5","5","",""
" 91429 "," 0.917 "," 0.0 "," 0.74 "," 0.552 "," 1299 "," 940 "," 140 "," 200 "," 10 "," 10 ","null"," 91429 ","5","5","5","","leste1"
"","","","","","","","","","","",""," 91429 ","4","3","3","",""
"","","","","","","","","","","",""," 91429 ","5","3","3","",""
"","","","","","","","","","","",""," 91429 ","5","5","5","",""
"","","","","","","","","","","",""," 91429 ","3","3","4","",""
"","","","","","","","","","","",""," 91429 ","5","4","5","",""
"","","","","","","","","","","",""," 91429 ","3","3","4","",""
"","","","","","","","","","","",""," 91429 ","5","3","1","Há trajetos com topografia mais favorável. É um deslocamento essencialmente local, dificilmente faria parte da minha origem/do meu destino.",""
"","","","","","","","","","","",""," 91429 ","5","2","3","",""
" 80204 "," 0.853 "," 0.504 "," 0.697 "," 0.685 "," 1426 "," 570 "," 540 "," 70 "," 10 "," 240 ","null"," 80204 ","5","4","4","","leste2"
" 75324 "," 0.311 "," 0.242 "," 0.722 "," 0.425 "," 3082 "," 1920 "," 1010 "," 20 "," 0 "," 140 ","null"," 75324 ","5","5","5","","leste2"
" 82083 "," 0.301 "," 0.899 "," 0.196 "," 0.465 "," 3142 "," 1810 "," 530 "," 280 "," 250 "," 280 ","null"," 82083 ","3","3","3","","leste2"
" 71464 "," 0.27 "," 0.758 "," 0.256 "," 0.428 "," 3351 "," 1930 "," 740 "," 520 "," 90 "," 80 ","null"," 71464 ","5","5","5","","leste2"
" 67350 "," 0.679 "," 0.596 "," 0.331 "," 0.535 "," 3009 "," 1840 "," 600 "," 230 "," 200 "," 140 ","null"," 67350 ","4","4","4","","leste2"
" 94705 "," 0.242 "," 0.72 "," 0.131 "," 0.365 "," 5744 "," 4070 "," 780 "," 140 "," 470 "," 290 ","null"," 94705 ","4","4","5","","sul1"
"","","","","","","","","","","",""," 94705 ","5","3","3","aquela parte da vergueiro não poderia ser substituída pela rua saioá?",""
"","","","","","","","","","","",""," 94705 ","4","3","3","",""
"","","","","","","","","","","",""," 94705 ","5","5","5","",""
"","","","","","","","","","","",""," 94705 ","4","3","5","",""
"","","","","","","","","","","",""," 94705 ","5","3","5","",""
"","","","","","","","","","","",""," 94705 ","4","3","4","",""
"","","","","","","","","","","",""," 94705 ","4","3","3","O trecho apresenta poucos trechos de subidas, que para um ciclista iniciante pode ser mais difícil, mas no geral a rota é tranquila.",""
"","","","","","","","","","","",""," 94705 ","5","4","5","",""
"","","","","","","","","","","",""," 94705 ","4","2","3","",""
"","","","","","","","","","","",""," 94705 ","5","3","5","",""
"","","","","","","","","","","",""," 94705 ","5","4","3","",""
"","","","","","","","","","","",""," 94705 ","5","5","5","",""
"","","","","","","","","","","",""," 94705 ","5","4","3","Fiz um trajeto aproximado durante 1 ano, morava no Ipiranga e ia para trabalho próximo ao Metro São Judas. A av Ricardo Jaffet não me passa segurança, principalmente a noite. Preferia continuar subindo a bosque da saúde e virar na Vergueiro. Apesar de não ter ciclofaixa, tem melhor iluminação e mais pessoas, sensação de segurança melhor",""
"","","","","","","","","","","",""," 94705 ","5","2","5","Um percurso de 5km de bicicleta, sem considerar inclinações ou trânsito em avenidas perigosas, é até agradável.\nTrechos muito inclinados, principalmente em subidas, e especialmente com curvas, são bem desestimulantes, as vezes até para quem tem prática em pedalar pela cidade.\nTrajetos em ciclovias ou ciclofaixas são bem convidativos, mesmo que tenham algumas subidas.",""
" 8562 "," 0.327 "," 0.142 "," 0.672 "," 0.38 "," 4908 "," 2250 "," 2070 "," 550 "," 40 "," 0 ","null"," 8562 ","3","3","4","","sul1"
"","","","","","","","","","","",""," 8562 ","5","4","5","hoje é uma rota que nem penso em fazer por causa do risco viário, mas havendo ciclovia se tornaria um bom caminho",""
"","","","","","","","","","","",""," 8562 ","5","5","5","",""
"","","","","","","","","","","",""," 8562 ","5","5","5","",""
"","","","","","","","","","","",""," 8562 ","5","3","5","Esse trajeto só é possivel de ser feito com uma ciclovia",""
"","","","","","","","","","","",""," 8562 ","5","3","5","A estrutura cicloviária precisa ser bidirecional, pois fazer o caminho inverso, devido às avenidas semi-expressas utilizadas, requer grandes desvios",""
"","","","","","","","","","","",""," 8562 ","3","4","4","",""
"","","","","","","","","","","",""," 8562 ","3","3","2","Subida muito ruim no trecho da av Indianópolis. Atualmente grande parte desta rota não possui estrutura cicloviária e passa por locais de grande fluxo de veículos, o que colocaria os ciclistas em risco grande.",""
"","","","","","","","","","","",""," 8562 ","5","4","5","",""
"","","","","","","","","","","",""," 8562 ","4","4","5","",""
"","","","","","","","","","","",""," 8562 ","5","1","5","",""
"","","","","","","","","","","",""," 8562 ","4","5","5","Ótima ideia, torço apenas que ela se estenda até alguma ciclovia/ciclofaixa para permitir a continuidade do fluxo.",""
"","","","","","","","","","","",""," 8562 ","5","5","5","",""
"","","","","","","","","","","",""," 8562 ","5","5","4","",""
"","","","","","","","","","","",""," 8562 ","5","4","5","Apesar de ser em avenidas de muito fluxo de veículos motorizados, se houvesse ciclovia eu faria esse trajeto numa boa.",""
" 86579 "," 0.351 "," 0.998 "," 0.418 "," 0.589 "," 4718 "," 3400 "," 480 "," 30 "," 560 "," 250 ","null"," 86579 ","3","4","5","","sul1"
"","","","","","","","","","","",""," 86579 ","5","3","4","avaliar uma rota é difícil porque eu começo pensar que outra rota eu poderia fazer para contornar a subida. mas considerando a região, até que tá tranquila, passado o subidão do cemitério, o resto tá bem adequado.",""
"","","","","","","","","","","",""," 86579 ","4","3","3","",""
"","","","","","","","","","","",""," 86579 ","5","5","5","",""
"","","","","","","","","","","",""," 86579 ","5","3","5","",""
"","","","","","","","","","","",""," 86579 ","5","1","1","A menos que eu esteja de bicicleta elétrica, não há o mínimo interesse de cortar pelo meio da Aclimação, descendo do planalto paulista até o córrego da pedra Azul, para depois encarar o paredão  vertical da lateral do cemitério. Muito mais fácil vir da Paulista para a Vila Mariana e descer a Lins de Vasconcelos e daí ir na contramão (por ciclovia ou pela calçada) da Basílio da Cunha. O trajeto teria só 5,1 km, só 300 m a mais do que o proposto mas sem subir nenhum paredão",""
"","","","","","","","","","","",""," 86579 ","2","2","2","",""
"","","","","","","","","","","",""," 86579 ","4","3","4","Rota boa, subida apenas na Cel. Diogo, tranquilo de fazer.",""
"","","","","","","","","","","",""," 86579 ","5","3","5","",""
"","","","","","","","","","","",""," 86579 ","4","2","4","",""
"","","","","","","","","","","",""," 86579 ","5","3","5","",""
"","","","","","","","","","","",""," 86579 ","4","3","3","A rota é liga pontos relevantes e deverá ser bastante utilizada, apesar de muita inclinação em alguns pontos. Faz uma intersecção com a Av. Lins de Vasconcelos, importante eixo de ligação entre a região central e a zona sul. Esta avenida comporta e pede a construção de uma ciclovia/ciclofaixa com urgência. Fica a dica! :) ",""
"","","","","","","","","","","",""," 86579 ","5","4","4","",""
"","","","","","","","","","","",""," 86579 ","5","4","4","",""
"","","","","","","","","","","",""," 86579 ","5","1","4","Essa rota tem muitas subidas e descidas",""
" 19346 "," 0.883 "," 0.029 "," 0.198 "," 0.37 "," 1368 "," 810 "," 110 "," 100 "," 100 "," 250 ","null"," 19346 ","5","3","4","","sul1"
"","","","","","","","","","","",""," 19346 ","5","3","3","olha, é um subidão cansativo, mas considerando o destino proposto não há muitas alternativas",""
"","","","","","","","","","","",""," 19346 ","3","5","5","",""
"","","","","","","","","","","",""," 19346 ","5","5","5","",""
"","","","","","","","","","","",""," 19346 ","5","3","5","",""
"","","","","","","","","","","",""," 19346 ","5","2","2","É pior descer para depois fazer uma subida muito íngreme no final. Com esse ponto de partida e chegada, seria melhor subir de maneira pouco inclinada para a rua Francisco Cruz e Lins de Vasconcelos, no começo da viagem, pra depois só fazer descida contornando pela rua Vitor Dubugras",""
"","","","","","","","","","","",""," 19346 ","1","2","1","",""
"","","","","","","","","","","",""," 19346 ","3","3","3","Rota boa, com algumas subidas. Conheço pouco.",""
"","","","","","","","","","","",""," 19346 ","5","4","5","",""
"","","","","","","","","","","",""," 19346 ","5","2","3","",""
"","","","","","","","","","","",""," 19346 ","2","5","4","",""
"","","","","","","","","","","",""," 19346 ","2","3","4","Será mais útil caso se prolongue ao menos até a Av. Lins de Vasconcelos.",""
"","","","","","","","","","","",""," 19346 ","1","3","1","Essa rota passa por um trecho do bairro Chácara Klabin, forrado de condomínios residenciais, em um bairro por sua vez forrado de condomínios. Traçado sem sentido.",""
"","","","","","","","","","","",""," 19346 ","5","4","4","",""
"","","","","","","","","","","",""," 19346 ","5","1","2","Um percurso curto e com muita inclinação me  faria pensar em ir à pé.",""
" 89158 "," 0.992 "," 0.272 "," 0.831 "," 0.699 "," 1683 "," 1500 "," 70 "," 60 "," 60 "," 0 ","null"," 89158 ","3","3","5","","sul1"
"","","","","","","","","","","",""," 89158 ","5","5","5","não conheço essa região, mas a rota parece boa",""
"","","","","","","","","","","",""," 89158 ","3","4","3","",""
"","","","","","","","","","","",""," 89158 ","5","5","5","",""
"","","","","","","","","","","",""," 89158 ","5","5","5","",""
"","","","","","","","","","","",""," 89158 ","5","5","5","",""
"","","","","","","","","","","",""," 89158 ","1","4","1","",""
"","","","","","","","","","","",""," 89158 ","3","4","4","Rota bem tranquila, sem subidas",""
"","","","","","","","","","","",""," 89158 ","5","3","5","",""
"","","","","","","","","","","",""," 89158 ","5","5","5","",""
"","","","","","","","","","","",""," 89158 ","5","3","5","",""
"","","","","","","","","","","",""," 89158 ","2","5","1","",""
"","","","","","","","","","","",""," 89158 ","5","5","4","",""
"","","","","","","","","","","",""," 89158 ","5","5","4","",""
"","","","","","","","","","","",""," 89158 ","5","5","5","",""
" 95217 "," 0.076 "," 0.932 "," 0.231 "," 0.413 "," 6471 "," 4270 "," 700 "," 810 "," 610 "," 90 ","null"," 95217 ","5","4","5","Apesar de ter aclives, a Av. Washington Luís seria bastante favorável pra ter uma ciclovia por ser uma avenida principal. ","sul2"
"","","","","","","","","","","",""," 95217 ","5","3","5","",""
"","","","","","","","","","","",""," 95217 ","5","5","5","",""
"","","","","","","","","","","",""," 95217 ","5","3","2","",""
"","","","","","","","","","","",""," 95217 ","4","3","3","",""
"","","","","","","","","","","",""," 95217 ","5","3","5","",""
"","","","","","","","","","","",""," 95217 ","4","3","4","",""
" 117543 "," 0.4 "," 0.242 "," 0.374 "," 0.339 "," 2627 "," 1160 "," 380 "," 380 "," 40 "," 670 ","null"," 117543 ","4","3","5","Possui aclives acentuados em algumas vias, no entanto, seria uma alívio ter uma ciclofaixa nelas, sabendo que são vias onde os carros aceleram. Ter infraestrutura na subida é sempre bom até mesmo pra empurrar com mais segurança ou subir no próprio ritmo, sem ter veículos pressionando. ","sul2"
"","","","","","","","","","","",""," 117543 ","3","2","5","",""
"","","","","","","","","","","",""," 117543 ","5","4","5","",""
"","","","","","","","","","","",""," 117543 ","4","2","2","",""
"","","","","","","","","","","",""," 117543 ","5","1","3","A subida do burle marx é muito íngreme",""
"","","","","","","","","","","",""," 117543 ","4","2","3","Aí tem umas pirambas que assustam quem não está preparado, mas é uma alternativa interessante.",""
"","","","","","","","","","","",""," 117543 ","3","1","3","",""
" 108672 "," 0.832 "," 0.906 "," 0.297 "," 0.678 "," 2438 "," 1120 "," 650 "," 50 "," 230 "," 390 ","null"," 108672 ","5","3","5","Possui um aclive considerável nas vias internas do bairro, mesmo não sendo o fim do mundo. Já na Av. Maria Coelho Aguiar é bastante favorável.","sul2"
"","","","","","","","","","","",""," 108672 ","3","3","5","",""
"","","","","","","","","","","",""," 108672 ","5","4","5","",""
"","","","","","","","","","","",""," 108672 ","3","3","2","",""
"","","","","","","","","","","",""," 108672 ","5","3","3","",""
"","","","","","","","","","","",""," 108672 ","5","5","5","",""
"","","","","","","","","","","",""," 108672 ","4","2","4","",""
" 102561 "," 0.932 "," 0.031 "," 0.92 "," 0.628 "," 1129 "," 820 "," 280 "," 30 "," 0 "," 0 ","null"," 102561 ","5","5","5","O trajeto já possui uma estrutura em ciclofaixa, que em teoria liga a Av. Atlântica com a Ciclovia Rio Pinheiros, no entanto, o percurso possui interrupções, devido à falta de conectividade da malha cicloviária em alguns trechos. Apesar dos aclives ao longo do caminho, não são muito acentuados. O percurso precisa ser conectado para ter atratividade.","sul2"
"","","","","","","","","","","",""," 102561 ","2","5","5","",""
"","","","","","","","","","","",""," 102561 ","4","5","5","",""
"","","","","","","","","","","",""," 102561 ","2","5","2","",""
"","","","","","","","","","","",""," 102561 ","5","5","5","",""
"","","","","","","","","","","",""," 102561 ","3","5","5","Trecho muito curto. Esse pedaço próximo ao Autódromo é um caos, pois da acesso ao Grajaú/Parelheiros.",""
"","","","","","","","","","","",""," 102561 ","4","4","4","",""
" 96214 "," 0.204 "," 0.196 "," 0.724 "," 0.375 "," 6251 "," 3420 "," 2340 "," 480 "," 20 "," 0 ","null"," 96214 ","5","5","5","Há uma grande demanda no eixo da Av. João Dias e Av. Ver. José Diniz, onde ainda acrescentaria vias em direção ao Largo 13 de Maio pela Av. Adolfo Pinheiro, que também possui uma boa aclividade para a implantação de uma estrutura cicloviária. ","sul2"
"","","","","","","","","","","",""," 96214 ","5","3","5","",""
"","","","","","","","","","","",""," 96214 ","5","5","5","",""
"","","","","","","","","","","",""," 96214 ","5","3","2","",""
"","","","","","","","","","","",""," 96214 ","5","5","5","É uma rota necessária... muitos ciclistas passam pela Vereador José Diniz em direção ao Shopping Ibirapuera (metrô)",""
"","","","","","","","","","","",""," 96214 ","5","5","5","Aí é um trecho que vai paralelo a grandes avenidas em direção a região central. Eu uso as principais por me sentir seguro. Para quem é inexperiente, essas vias alternativas podem ser uma ótima alternativa. Agora, chegar da periferia até Sto Amaro é que ainda é um problema. As alças de acesso para atravessar as pontes são muito agressivas.",""
"","","","","","","","","","","",""," 96214 ","3","3","5","",""
" 8909 "," 0.039 "," 0.998 "," 0.286 "," 0.441 "," 8703 "," 4030 "," 3000 "," 1410 "," 100 "," 170 ","null"," 8909 ","5","4","5","","centro"
"","","","","","","","","","","",""," 8909 ","5","4","5","",""
"","","","","","","","","","","",""," 8909 ","4","4","2","Passa pela marginal, elevado e ligacao leste-oeste. Muitos carros e poluicao imtensa apesar de ser um bom caminho",""
"","","","","","","","","","","",""," 8909 ","3","2","4","",""
"","","","","","","","","","","",""," 8909 ","3","3","3","Vejo que é uma região que faria uma conexão com outras regiões, e sem muitas coclovias. Mas não tenho passado muito por ali.",""
"","","","","","","","","","","",""," 8909 ","5","5","5","",""
"","","","","","","","","","","",""," 8909 ","2","5","1","Região da barra funda e campos Elísios muito deserta e perigosa para andar de bicicleta",""
"","","","","","","","","","","",""," 8909 ","5","3","5","",""
"","","","","","","","","","","",""," 8909 ","5","4","5","",""
"","","","","","","","","","","",""," 8909 ","4","3","3","Provavelmente eu faria o fim do trajeto diferente do que está sugerido no mapa.",""
"","","","","","","","","","","",""," 8909 ","4","3","4","",""
"","","","","","","","","","","",""," 8909 ","3","5","5","Na verdade venho pedalando de caieiras até São Paulo, trabalho no centro venho pela estrada de Jundiaí rodoanel bandeirantes e Marginal Tiete só pego um pedacinho de ciclovia no largo do Arouche ",""
"","","","","","","","","","","",""," 8909 ","5","4","5","",""
"","","","","","","","","","","",""," 8909 ","3","3","4","",""
"","","","","","","","","","","",""," 8909 ","3","3","4","",""
"","","","","","","","","","","",""," 8909 ","4","2","5","",""
" 3858 "," 0.296 "," 0.72 "," 0.756 "," 0.591 "," 5183 "," 3010 "," 2100 "," 50 "," 0 "," 30 ","null"," 3858 ","4","5","5","","centro"
"","","","","","","","","","","",""," 3858 ","4","5","5","",""
"","","","","","","","","","","",""," 3858 ","3","5","2","Caminho mais curto pela Luz",""
"","","","","","","","","","","",""," 3858 ","5","5","5","",""
"","","","","","","","","","","",""," 3858 ","3","4","4","Não conheço muito a região ",""
"","","","","","","","","","","",""," 3858 ","4","4","4","",""
"","","","","","","","","","","",""," 3858 ","3","5","5","Região muito perigosa para andar de bicicleta ",""
"","","","","","","","","","","",""," 3858 ","5","5","5","",""
"","","","","","","","","","","",""," 3858 ","5","4","5","",""
"","","","","","","","","","","",""," 3858 ","5","5","5","Rota assim, com poucas subidas ou descidas, é um prazer de fazer na bicicleta.",""
"","","","","","","","","","","",""," 3858 ","3","5","5","",""
"","","","","","","","","","","",""," 3858 ","2","4","5","",""
"","","","","","","","","","","",""," 3858 ","4","4","3","",""
"","","","","","","","","","","",""," 3858 ","2","3","4","",""
"","","","","","","","","","","",""," 3858 ","3","3","5","",""
"","","","","","","","","","","",""," 3858 ","4","3","5","",""
" 34660 "," 0.62 "," 0.142 "," 0.489 "," 0.417 "," 3244 "," 2350 "," 320 "," 240 "," 130 "," 210 ","null"," 34660 ","4","4","5","","centro"
"","","","","","","","","","","",""," 34660 ","4","5","5","",""
"","","","","","","","","","","",""," 34660 ","5","4","4","Sumare é cruel nas inclinacoes mas isso é inevitável",""
"","","","","","","","","","","",""," 34660 ","5","5","5","seria uma conexao excelente entre o alto da vila madalena e a paulista",""
"","","","","","","","","","","",""," 34660 ","4","4","5","Faço muito esse trajeto, mas me arrisco na rua ou pela calçada. A Dr Arnaldo e Heitor penteado sao vias com farias faixas, e seria muito importante ter cicloviva, muitos ciclista ja passam por ali. Ela faz conexão com a ciclovia da consolação, paulista, e Sumare. Espero que esteja nos planos da prefeitura.",""
"","","","","","","","","","","",""," 34660 ","4","4","5","",""
"","","","","","","","","","","",""," 34660 ","5","2","4","",""
"","","","","","","","","","","",""," 34660 ","5","5","5","",""
"","","","","","","","","","","",""," 34660 ","5","4","5","",""
"","","","","","","","","","","",""," 34660 ","5","3","4","",""
"","","","","","","","","","","",""," 34660 ","2","3","4","",""
"","","","","","","","","","","",""," 34660 ","2","4","5","",""
"","","","","","","","","","","",""," 34660 ","5","4","5","",""
"","","","","","","","","","","",""," 34660 ","2","3","4","",""
"","","","","","","","","","","",""," 34660 ","2","4","5","",""
"","","","","","","","","","","",""," 34660 ","3","3","5","",""
" 19500 "," 0.836 "," 0.282 "," 0.28 "," 0.466 "," 2420 "," 1640 "," 330 "," 170 "," 40 "," 250 ","null"," 19500 ","3","4","5","Será perfeita se for criada uma ciclovia/ciclofaixa na Av. Lins de Vasconcelos, cuja largura permite esta obra e será importante eixo de ligação entre bairros importantes da região.","centro"
"","","","","","","","","","","",""," 19500 ","2","4","5","",""
"","","","","","","","","","","",""," 19500 ","5","3","4","A parte dentro do parque pode ser interessante para lazer mas no dia a dia nao sei se seria conveniente",""
"","","","","","","","","","","",""," 19500 ","5","5","4","",""
"","","","","","","","","","","",""," 19500 ","5","3","4","Uma area com subidas. Passo pouco na região. Vejo como a mais crítica o trajeto da Dr Arnaldo",""
"","","","","","","","","","","",""," 19500 ","4","4","4","",""
"","","","","","","","","","","",""," 19500 ","5","2","4","",""
"","","","","","","","","","","",""," 19500 ","5","4","5","",""
"","","","","","","","","","","",""," 19500 ","5","3","4","",""
"","","","","","","","","","","",""," 19500 ","5","3","3","É possível que eu fizesse esse trajeto por outra rota, um pouco maior, mas com menos aclives.",""
"","","","","","","","","","","",""," 19500 ","2","5","4","",""
"","","","","","","","","","","",""," 19500 ","3","4","5","",""
"","","","","","","","","","","",""," 19500 ","5","3","4","",""
"","","","","","","","","","","",""," 19500 ","2","3","4","",""
"","","","","","","","","","","",""," 19500 ","1","3","5","",""
"","","","","","","","","","","",""," 19500 ","3","2","4","",""
" 11294 "," 0.943 "," 0.46 "," 0.93 "," 0.778 "," 1241 "," 410 "," 840 "," 0 "," 0 "," 0 ","null"," 11294 ","2","5","3","","centro"
"","","","","","","","","","","",""," 11294 ","1","5","4","",""
"","","","","","","","","","","",""," 11294 ","5","2","4","Bom caminho mas a subida no final mata",""
"","","","","","","","","","","",""," 11294 ","5","5","5","",""
"","","","","","","","","","","",""," 11294 ","4","4","4","Uma área importante para ligar do outro lado da 23 de maio.\nMas vejo que o trajeto mais importante seja o a Dr Arnaldo",""
"","","","","","","","","","","",""," 11294 ","2","4","5","",""
"","","","","","","","","","","",""," 11294 ","5","5","5","",""
"","","","","","","","","","","",""," 11294 ","5","5","5","",""
"","","","","","","","","","","",""," 11294 ","5","5","5","",""
"","","","","","","","","","","",""," 11294 ","5","5","5","",""
"","","","","","","","","","","",""," 11294 ","2","5","5","",""
"","","","","","","","","","","",""," 11294 ","1","4","5","Achei o trecho bem pequeno",""
"","","","","","","","","","","",""," 11294 ","5","3","4","",""
"","","","","","","","","","","",""," 11294 ","1","3","4","",""
"","","","","","","","","","","",""," 11294 ","1","3","5","",""
"","","","","","","","","","","",""," 11294 ","3","4","3","",""
" 42535 "," 0.207 "," 0.88 "," 0.076 "," 0.388 "," 6216 "," 3220 "," 1380 "," 700 "," 310 "," 610 ","null"," 42535 ","2","2","2","","oeste"
"","","","","","","","","","","",""," 42535 ","4","2","1","Eu preferiria fazer esta rota aproveitando mais a avenida Sumaré e indo menos por dentro da Lapa. Pegaria a ciclovia da Faria Lima até a altura da Vila Madalena e aí começaria a subida até a avenida Sumaré. ",""
"","","","","","","","","","","",""," 42535 ","4","3","3","Cruzar a Cerro Corá é chato...",""
"","","","","","","","","","","",""," 42535 ","2","3","3","",""
"","","","","","","","","","","",""," 42535 ","5","4","5","",""
"","","","","","","","","","","",""," 42535 ","5","3","4","",""
"","","","","","","","","","","",""," 42535 ","4","1","2","",""
"","","","","","","","","","","",""," 42535 ","5","4","5","",""
"","","","","","","","","","","",""," 42535 ","4","3","4","",""
"","","","","","","","","","","",""," 42535 ","3","2","3","",""
"","","","","","","","","","","",""," 42535 ","5","4","5","Esta é uma rota que carece de infraestrutura cicloviária e quando preciso acessar a região do Vila Lobos acabo utilizando outros caminhos mais longos",""
"","","","","","","","","","","",""," 42535 ","5","1","1","Aqui é um bom exemplo de rota que tem outras inúmeras opções para evitar as elevações fortes. A não ser que tivesse que fazer alguma coisa pelo meio do caminho, faria o mesmo pelos vales.",""
"","","","","","","","","","","",""," 42535 ","5","2","3","Rota muito boa, porém as inclinações não são convidativas",""
"","","","","","","","","","","",""," 42535 ","3","2","3","Se meu objetivo for chegar da Sumaré ao parque vila lobos provavelmente iria pela ciclofaixa existente pela coriolano dando uma volta maior mas com uma rota mais plana. ",""
"","","","","","","","","","","",""," 42535 ","5","5","5","",""
"","","","","","","","","","","",""," 42535 ","3","5","5","",""
"","","","","","","","","","","",""," 42535 ","5","1","3","",""
"","","","","","","","","","","",""," 42535 ","4","4","5","",""
"","","","","","","","","","","",""," 42535 ","2","1","2","",""
"","","","","","","","","","","",""," 42535 ","3","3","3","Essa é uma rota que dá preguiça de fazer todo dia.",""
"","","","","","","","","","","",""," 42535 ","4","2","2","",""
"","","","","","","","","","","",""," 42535 ","1","1","1","Existem rotas com menos sobe e desce",""
"","","","","","","","","","","",""," 42535 ","4","2","4","",""
"","","","","","","","","","","",""," 42535 ","4","2","2","",""
"","","","","","","","","","","",""," 42535 ","5","3","5","",""
"","","","","","","","","","","",""," 42535 ","4","3","5","",""
"","","","","","","","","","","",""," 42535 ","3","2","3","Os trechos muito inclinados me desanimariam um pouco. Se houvesse infraestrutura para bicicleta, eu provavelmente usaria trechos, mas não faria o trajeto todo de uma vez.",""
"","","","","","","","","","","",""," 42535 ","4","2","4","",""
"","","","","","","","","","","",""," 42535 ","5","2","4","",""
"","","","","","","","","","","",""," 42535 ","3","3","3","A maior parte da rota é bem ciclável, porém existe alguns trechos que não são otimizados devido à inclinação elevada",""
"","","","","","","","","","","",""," 42535 ","5","2","3","Existe rota mais plana nessa origem e destino",""
"","","","","","","","","","","",""," 42535 ","5","4","5","",""
"","","","","","","","","","","",""," 42535 ","3","2","3","",""
" 46177 "," 0.561 "," 0.396 "," 0.381 "," 0.446 "," 3503 "," 1820 "," 880 "," 510 "," 110 "," 190 ","null"," 46177 ","5","2","3","","oeste"
"","","","","","","","","","","",""," 46177 ","5","4","4","O melhor seria poder pegar uma paralela ao Rio Tietê, que seria plana. Mas se não for uma opção, parece uma boa rota . ",""
"","","","","","","","","","","",""," 46177 ","5","3","4","",""
"","","","","","","","","","","",""," 46177 ","3","3","3","",""
"","","","","","","","","","","",""," 46177 ","5","5","5","",""
"","","","","","","","","","","",""," 46177 ","4","5","5","",""
"","","","","","","","","","","",""," 46177 ","4","3","4","",""
"","","","","","","","","","","",""," 46177 ","4","4","3","",""
"","","","","","","","","","","",""," 46177 ","5","4","5","",""
"","","","","","","","","","","",""," 46177 ","4","4","4","",""
"","","","","","","","","","","",""," 46177 ","4","4","4","É uma ligação importante na região e fica no bairro onde minha mora, portanto seria um estímulo ao uso desta ciclovia.",""
"","","","","","","","","","","",""," 46177 ","5","5","5","",""
"","","","","","","","","","","",""," 46177 ","3","4","4","",""
"","","","","","","","","","","",""," 46177 ","4","2","5","",""
"","","","","","","","","","","",""," 46177 ","3","2","1","",""
"","","","","","","","","","","",""," 46177 ","5","5","5","",""
"","","","","","","","","","","",""," 46177 ","4","4","3","",""
"","","","","","","","","","","",""," 46177 ","5","3","4","",""
"","","","","","","","","","","",""," 46177 ","4","4","5","",""
"","","","","","","","","","","",""," 46177 ","5","4","4","",""
"","","","","","","","","","","",""," 46177 ","4","4","3","",""
"","","","","","","","","","","",""," 46177 ","4","4","3","",""
"","","","","","","","","","","",""," 46177 ","3","3","2","",""
"","","","","","","","","","","",""," 46177 ","3","2","2","",""
"","","","","","","","","","","",""," 46177 ","5","4","5","",""
"","","","","","","","","","","",""," 46177 ","5","4","5","",""
"","","","","","","","","","","",""," 46177 ","4","4","4","",""
"","","","","","","","","","","",""," 46177 ","5","5","5","",""
"","","","","","","","","","","",""," 46177 ","2","4","5","",""
"","","","","","","","","","","",""," 46177 ","5","3","4","",""
"","","","","","","","","","","",""," 46177 ","5","3","5","",""
"","","","","","","","","","","",""," 46177 ","5","5","5","",""
"","","","","","","","","","","",""," 46177 ","4","3","3","",""
" 121940 "," 0.876 "," 0.822 "," 0.272 "," 0.657 "," 2270 "," 910 "," 620 "," 260 "," 110 "," 380 ","null"," 121940 ","5","1","1","","oeste"
"","","","","","","","","","","",""," 121940 ","5","3","3","Não seria possível fazer a rota através da Francisco Morato e pegar paralela ao corrego Itarare? ",""
"","","","","","","","","","","",""," 121940 ","5","2","3","Essa rota está no ponto em que é longa o suficiente para não querer ir à pé e inclinada o suficiente para pensar duas vezes antes de pegar a bicicleta.",""
"","","","","","","","","","","",""," 121940 ","2","2","2","",""
"","","","","","","","","","","",""," 121940 ","5","5","5","",""
"","","","","","","","","","","",""," 121940 ","3","2","3","",""
"","","","","","","","","","","",""," 121940 ","3","3","3","",""
"","","","","","","","","","","",""," 121940 ","5","5","5","Caminho para a faculdade\n",""
"","","","","","","","","","","",""," 121940 ","4","3","5","",""
"","","","","","","","","","","",""," 121940 ","5","2","4","",""
"","","","","","","","","","","",""," 121940 ","4","3","3","Não conhece tão bem o local, mas é uma região com carência de estrutura para a mobilidade ativa.",""
"","","","","","","","","","","",""," 121940 ","5","4","4","",""
"","","","","","","","","","","",""," 121940 ","3","3","3","",""
"","","","","","","","","","","",""," 121940 ","4","3","5","",""
"","","","","","","","","","","",""," 121940 ","1","1","1","",""
"","","","","","","","","","","",""," 121940 ","5","2","4","",""
"","","","","","","","","","","",""," 121940 ","2","2","1","",""
"","","","","","","","","","","",""," 121940 ","5","5","5","",""
"","","","","","","","","","","",""," 121940 ","5","3","4","Eu andava frequentemente, mas somente em um trajeto de 1km e ainda tudo plano. ",""
"","","","","","","","","","","",""," 121940 ","5","4","4","Não conheço muito bem a região.",""
"","","","","","","","","","","",""," 121940 ","3","1","1","",""
"","","","","","","","","","","",""," 121940 ","2","1","1","R aurea batista é a rota natural dos ciclistas nessa regiao",""
"","","","","","","","","","","",""," 121940 ","3","3","2","",""
"","","","","","","","","","","",""," 121940 ","5","4","1","",""
"","","","","","","","","","","",""," 121940 ","5","3","5","",""
"","","","","","","","","","","",""," 121940 ","5","3","4","",""
"","","","","","","","","","","",""," 121940 ","5","2","2","",""
"","","","","","","","","","","",""," 121940 ","5","3","5","",""
"","","","","","","","","","","",""," 121940 ","3","4","3","",""
"","","","","","","","","","","",""," 121940 ","5","2","2","respondi usando considerando a direção indicada; na direção contrária a inclinação seria baixa e eu usaria o trajeto",""
"","","","","","","","","","","",""," 121940 ","4","2","3","Existe uma rota paralela a essa que é extremamente plana e altamente ciclavel",""
"","","","","","","","","","","",""," 121940 ","5","4","5","",""
"","","","","","","","","","","",""," 121940 ","4","2","3","",""
" 21904 "," 0.483 "," 0.001 "," 0.98 "," 0.488 "," 2316 "," 2150 "," 170 "," 0 "," 0 "," 0 ","null"," 21904 ","5","5","5","","oeste"
"","","","","","","","","","","",""," 21904 ","5","1","1","Para este deslocamento, prefiro a inclinação da avenida Rebouças que corre em paralelo. ",""
"","","","","","","","","","","",""," 21904 ","5","3","5","Nem todo ciclista pensa como eu, mas descidas muito íngremes são melhores que subidas, mas também não me agradam",""
"","","","","","","","","","","",""," 21904 ","5","5","5","",""
"","","","","","","","","","","",""," 21904 ","5","5","5","",""
"","","","","","","","","","","",""," 21904 ","4","4","4","",""
"","","","","","","","","","","",""," 21904 ","4","5","4","",""
"","","","","","","","","","","",""," 21904 ","5","5","5","",""
"","","","","","","","","","","",""," 21904 ","5","4","5","",""
"","","","","","","","","","","",""," 21904 ","5","5","5","",""
"","","","","","","","","","","",""," 21904 ","4","5","5","É uma região com vários pontos de interesse e carente de opções de ciclovias com inclinação favorável e a Augusta seria uma das melhores opções.",""
"","","","","","","","","","","",""," 21904 ","5","5","5","Eu não pedalo apenas por ciclovias, às vezes prefiro evitá-las até, dando preferência por ruas mais calmas, mesmo que signifique um percurso mais longo.",""
"","","","","","","","","","","",""," 21904 ","3","4","4","",""
"","","","","","","","","","","",""," 21904 ","4","3","5","",""
"","","","","","","","","","","",""," 21904 ","5","5","5","",""
"","","","","","","","","","","",""," 21904 ","5","5","5","",""
"","","","","","","","","","","",""," 21904 ","3","3","3","",""
"","","","","","","","","","","",""," 21904 ","5","5","5","",""
"","","","","","","","","","","",""," 21904 ","5","5","5","",""
"","","","","","","","","","","",""," 21904 ","5","5","5","A falta de ciclovia na Augusta não é tão problemática na descida, porque a bike vai na velocidade dos carros ou mais rápido, mas é bastante ruim subir a Augusta sem ciclovia.",""
"","","","","","","","","","","",""," 21904 ","3","4","3","",""
"","","","","","","","","","","",""," 21904 ","3","3","3","",""
"","","","","","","","","","","",""," 21904 ","2","2","1","",""
"","","","","","","","","","","",""," 21904 ","4","3","3","",""
"","","","","","","","","","","",""," 21904 ","5","5","5","",""
"","","","","","","","","","","",""," 21904 ","5","4","5","",""
"","","","","","","","","","","",""," 21904 ","5","3","5","Respostas dadas considerando o trajeto de descida, da Paulista a Av. Brasil. Seria menos provável eu usar a mesma rota para subir, por conta da inclinação.",""
"","","","","","","","","","","",""," 21904 ","5","5","5","seria uma otima ciclofaixa e agregaria muito à rua augusta. na subida a inclinacao seria mais puxada",""
"","","","","","","","","","","",""," 21904 ","2","4","5","",""
"","","","","","","","","","","",""," 21904 ","5","5","5","",""
"","","","","","","","","","","",""," 21904 ","5","4","5","",""
"","","","","","","","","","","",""," 21904 ","5","5","5","",""
"","","","","","","","","","","",""," 21904 ","5","5","4","",""
" 124281 "," 0.193 "," 0.126 "," 0.73 "," 0.35 "," 4047 "," 3310 "," 700 "," 20 "," 0 "," 20 ","null"," 124281 ","5","5","4","Região muito violenta para andar de bike","oeste"
"","","","","","","","","","","",""," 124281 ","5","4","5","",""
"","","","","","","","","","","",""," 124281 ","5","5","5","",""
"","","","","","","","","","","",""," 124281 ","4","3","4","",""
"","","","","","","","","","","",""," 124281 ","5","5","5","",""
"","","","","","","","","","","",""," 124281 ","5","5","5","",""
"","","","","","","","","","","",""," 124281 ","3","5","3","",""
"","","","","","","","","","","",""," 124281 ","5","5","5","",""
"","","","","","","","","","","",""," 124281 ","4","4","5","",""
"","","","","","","","","","","",""," 124281 ","4","4","5","",""
"","","","","","","","","","","",""," 124281 ","5","5","5","A Avenida Corifeu é perfeita para uma ciclovia, com uma grande demanda e muito utilizada por ciclistas apesar da falta de uma infraestrutura adequada.",""
"","","","","","","","","","","",""," 124281 ","5","5","3","Aqui o problema é de segurança. Sozinha nem pensar!",""
"","","","","","","","","","","",""," 124281 ","4","5","5","",""
"","","","","","","","","","","",""," 124281 ","4","5","5","",""
"","","","","","","","","","","",""," 124281 ","1","1","1","",""
"","","","","","","","","","","",""," 124281 ","5","5","5","bem curta e quase plana, super usaria",""
"","","","","","","","","","","",""," 124281 ","4","5","4","",""
"","","","","","","","","","","",""," 124281 ","5","5","5","",""
"","","","","","","","","","","",""," 124281 ","3","5","4","",""
"","","","","","","","","","","",""," 124281 ","5","4","2","Essa é uma rota perigosa, não tanto do ponto de vista da segurança viária, já que há ciclovia no trajeto, mas do ponto de vista da segurança pessoal - principalmente para mulheres. A ciclovia da Escola Politécnica é bastante perigosa, pois está em uma via sem movimento de pessoas, sem comércio. Conheço pessoas que já foram assaltadas ali, inclusive com a bicicleta roubada.",""
"","","","","","","","","","","",""," 124281 ","4","4","3","",""
"","","","","","","","","","","",""," 124281 ","5","5","4","Ja nao existe?",""
"","","","","","","","","","","",""," 124281 ","2","2","4","",""
"","","","","","","","","","","",""," 124281 ","5","5","4","",""
"","","","","","","","","","","",""," 124281 ","5","4","5","",""
"","","","","","","","","","","",""," 124281 ","5","5","5","",""
"","","","","","","","","","","",""," 124281 ","5","5","5","",""
"","","","","","","","","","","",""," 124281 ","5","5","5","",""
"","","","","","","","","","","",""," 124281 ","4","5","5","",""
"","","","","","","","","","","",""," 124281 ","5","5","5","",""
"","","","","","","","","","","",""," 124281 ","5","5","5","",""
"","","","","","","","","","","",""," 124281 ","5","5","5","Encontro dificuldade no cruzamento da Corifeu com a Politécnica.\nFalta sinalização e semáforos dedicados às bikes.",""
"","","","","","","","","","","",""," 124281 ","4","5","4","",""
" 49994 "," 0.25 "," 0.72 "," 0.34 "," 0.437 "," 5654 "," 3620 "," 1540 "," 250 "," 80 "," 170 ","null"," 49994 ","3","2","1","","norte1"
"","","","","","","","","","","",""," 49994 ","5","5","5","",""
"","","","","","","","","","","",""," 49994 ","3","3","3","o ponto inicial da rota, no alto da estrada turistica, parece q 1/2 irreal.[ para o mesmo ponto de partida e de chegada, existem alternativas de rotas por dentro do bairro do jaraguá, q tb são alternativas. ",""
" 56684 "," 0.93 "," 0.43 "," 0.244 "," 0.535 "," 2050 "," 1120 "," 330 "," 60 "," 230 "," 310 ","null"," 56684 ","5","4","2","","norte1"
"","","","","","","","","","","",""," 56684 ","2","5","5","",""
"","","","","","","","","","","",""," 56684 ","3","3","3","",""
" 56572 "," 0.943 "," 0.904 "," 0.752 "," 0.866 "," 1989 "," 860 "," 290 "," 390 "," 450 "," 0 ","null"," 56572 ","5","4","2","","norte1"
"","","","","","","","","","","",""," 56572 ","2","5","5","",""
"","","","","","","","","","","",""," 56572 ","3","3","3","",""
" 53065 "," 0.54 "," 0.208 "," 0.445 "," 0.398 "," 2138 "," 1120 "," 710 "," 80 "," 190 "," 40 ","null"," 53065 ","4","4","1","","norte1"
"","","","","","","","","","","",""," 53065 ","3","5","5","",""
"","","","","","","","","","","",""," 53065 ","3","3","3","",""
" 51269 "," 0.64 "," 0.789 "," 0.513 "," 0.648 "," 3162 "," 2160 "," 600 "," 40 "," 90 "," 280 ","null"," 51269 ","4","3","1","","norte1"
"","","","","","","","","","","",""," 51269 ","3","5","5","",""
"","","","","","","","","","","",""," 51269 ","3","4","4","",""
" 58631 "," 0.187 "," 0.805 "," 0.082 "," 0.358 "," 4121 "," 1880 "," 1120 "," 430 "," 220 "," 480 ","null"," 58631 ","4","3","5","","norte2"
"","","","","","","","","","","",""," 58631 ","5","4","4","",""
"","","","","","","","","","","",""," 58631 ","4","3","2","",""
"","","","","","","","","","","",""," 58631 ","3","2","2","",""
"","","","","","","","","","","",""," 58631 ","3","2","1","",""
" 61798 "," 0.206 "," 0.805 "," 0.872 "," 0.628 "," 3904 "," 3070 "," 810 "," 30 "," 0 "," 0 ","null"," 61798 ","3","5","5","","norte2"
"","","","","","","","","","","",""," 61798 ","2","4","2","",""
"","","","","","","","","","","",""," 61798 ","4","4","2","A parte desta rota que vai pela av. Serafim Gonçalves Pereira é bastante ciclável, trata-se de uma avenida plana e com fluxo médio de veículos; já a parte que vai pela pista local da Marginal não é muito ciclável, o fluxo de veículos é alto e a velocidade média da via também é alta, sendo um trajeto arriscado (e também há opções melhores pelo bairro, já que a região toda é plana) ",""
"","","","","","","","","","","",""," 61798 ","3","5","3","",""
"","","","","","","","","","","",""," 61798 ","5","5","5","",""
" 62482 "," 0.619 "," 0.684 "," 0.412 "," 0.572 "," 3250 "," 2280 "," 410 "," 350 "," 80 "," 140 ","null"," 62482 ","3","4","5","","norte2"
"","","","","","","","","","","",""," 62482 ","3","3","3","",""
"","","","","","","","","","","",""," 62482 ","4","3","3","Uma boa parte desta rota dispõe de ciclofaixa, e para chegar ao ponto final dela na R. Maria Cândida faz mais sentido ir até a Av. Zaki Narchi, R. Jacuna e R. Chico Pontes, pois não tem a inclinação do caminho que vai pela Av. Conceição. ",""
"","","","","","","","","","","",""," 62482 ","3","4","3","",""
"","","","","","","","","","","",""," 62482 ","5","3","3","",""
" 54576 "," 0.71 "," 0.086 "," 0.18 "," 0.325 "," 1715 "," 510 "," 400 "," 260 "," 280 "," 270 ","null"," 54576 ","2","2","5","","norte2"
"","","","","","","","","","","",""," 54576 ","1","2","2","",""
"","","","","","","","","","","",""," 54576 ","4","2","1","",""
"","","","","","","","","","","",""," 54576 ","4","1","4","",""
"","","","","","","","","","","",""," 54576 ","5","1","1","",""
" 60744 "," 0.783 "," 0.22 "," 0.718 "," 0.574 "," 2617 "," 1230 "," 1230 "," 50 "," 110 "," 0 ","null"," 60744 ","3","5","5","","norte2"
"","","","","","","","","","","",""," 60744 ","2","2","3","",""
"","","","","","","","","","","",""," 60744 ","5","4","5","Esta rota é composta em parte por vias com ciclovias e em parte por ruas locais de baixo fluxo de veículos, majoritariamente plano, portanto sendo um caminho bastante indicado para se percorrer com bicicleta. ",""
"","","","","","","","","","","",""," 60744 ","3","4","2","",""
"","","","","","","","","","","",""," 60744 ","5","4","4","",""
